<?xml version="1.0" encoding="UTF-8"?>
<project-private xmlns="http://www.netbeans.org/ns/project-private/1">
    <editor-bookmarks xmlns="http://www.netbeans.org/ns/editor-bookmarks/2" lastBookmarkId="0"/>
    <open-files xmlns="http://www.netbeans.org/ns/projectui-open-files/2">
        <group>
            <file>file:/C:/Users/Haziq%20Zahari/Downloads/CouponDiscountProject%20-%20Latest%20boleh%20present/CouponDiscountProject/CouponDiscountProject%20-%20ALL%20COMPLETE%20CAN%20PRESENT/web/myCoupons.jsp</file>
            <file>file:/C:/Users/Haziq%20Zahari/Downloads/CouponDiscountProject%20-%20Latest%20boleh%20present/CouponDiscountProject/CouponDiscountProject%20-%20ALL%20COMPLETE%20CAN%20PRESENT/src/java/com/coupon/profile/dao/UserDAO.java</file>
            <file>file:/C:/Users/Haziq%20Zahari/Downloads/CouponDiscountProject%20-%20Latest%20boleh%20present/CouponDiscountProject/CouponDiscountProject%20-%20ALL%20COMPLETE%20CAN%20PRESENT/web/allCoupon.jsp</file>
            <file>file:/C:/Users/Haziq%20Zahari/Downloads/CouponDiscountProject%20-%20Latest%20boleh%20present/CouponDiscountProject/CouponDiscountProject%20-%20ALL%20COMPLETE%20CAN%20PRESENT/src/java/com/admin/dashboard/main/RedemptionStatsAServlet.java</file>
            <file>file:/C:/Users/Haziq%20Zahari/Downloads/CouponDiscountProject%20-%20Latest%20boleh%20present/CouponDiscountProject/CouponDiscountProject%20-%20ALL%20COMPLETE%20CAN%20PRESENT/src/java/com/admin/dashboard/bean/RedemptionStatsBean.java</file>
            <file>file:/C:/Users/Haziq%20Zahari/Downloads/CouponDiscountProject%20-%20Latest%20boleh%20present/CouponDiscountProject/CouponDiscountProject%20-%20ALL%20COMPLETE%20CAN%20PRESENT/src/java/com/coupon/claim/dao/ClaimCouponDAO.java</file>
            <file>file:/C:/Users/Haziq%20Zahari/Downloads/CouponDiscountProject%20-%20Latest%20boleh%20present/CouponDiscountProject/CouponDiscountProject%20-%20ALL%20COMPLETE%20CAN%20PRESENT/src/java/com/coupon/claim/dao/ClaimedCouponDAO.java</file>
            <file>file:/C:/Users/Haziq%20Zahari/Downloads/CouponDiscountProject%20-%20Latest%20boleh%20present/CouponDiscountProject/CouponDiscountProject%20-%20ALL%20COMPLETE%20CAN%20PRESENT/web/adminDashboard.jsp</file>
            <file>file:/C:/Users/Haziq%20Zahari/Downloads/CouponDiscountProject%20-%20Latest%20boleh%20present/CouponDiscountProject/CouponDiscountProject%20-%20ALL%20COMPLETE%20CAN%20PRESENT/src/java/com/admin/dashboard/dao/RedemptionStatsDAO.java</file>
        </group>
    </open-files>
</project-private>
